ticker,ret_5d,ret_20d,ret_60d,ma20_dev,ma60_dev,rsi,vol_20d,pct_b,iqc_alpha1,iqc2_vwap_dev,iqc2_dsm,forward_return,iqc_alpha2
005930,-0.11860832894043227,-0.1430035879036392,0.399163179916318,-0.10446961784633513,-0.016692314478107928,35.678391959799,0.05023887767037269,0.014033345176642675,0.021830143540669856,0.014553429027113296,22,0.31877990430622005,0.0970228601807553
000660,-0.1815415821501014,-0.14057507987220452,0.26093750000000004,-0.13929180887372017,-0.06918625886695251,37.06293706293707,0.0638049975403659,-0.024809534717030342,0.027261462205700124,0.018174308137133367,22,0.593556381660471,0.12116205424755579
005935,-0.14988814317673382,-0.11764705882352944,0.26948775055679297,-0.13380442215637112,-0.05860331966197807,29.82171799027553,0.0527389759339778,0.023656932908535214,0.013157894736842105,0.008771929824561403,9,0.38859649122807016,0.05847953216374269
402340,-0.21596638655462186,-0.19707401032702232,0.34826589595375723,-0.16513802514428888,-0.10495011511895624,37.25743855109962,0.0628135447463155,-0.0662249976808647,0.018756698821007504,0.012504465880671627,22,0.802786709539121,0.08336310587114418
005380,-0.09451219512195119,-0.25126050420168067,0.5178875638841567,-0.12578492935635788,-0.07654039488003317,29.339853300733495,0.04246615087999342,-0.1077869576423064,0.020202020202020204,0.013468013468013467,21,0.19191919191919182,0.08978675645342311
373220,0.005095541401273884,0.003816793893129722,0.03815789473684217,0.04531001589825112,0.01201419470691345,57.142857142857146,0.040927187484372816,0.7804512645660272,0.014575411913814956,0.009716941275876589,22,0.16730038022813698,0.06477960850584392
034020,-0.08291708291708288,-0.052631578947368474,0.19999999999999996,-0.08222944263934018,-0.03281883790760154,37.765957446808514,0.04691787958111321,0.20062403366006024,0.018518518518518517,0.012345679012345626,7,0.38453159041394325,0.09345210189092006
012450,-0.06441947565543071,-0.1277932960893855,0.316122233930453,-0.09715194448460318,-0.014116006472577047,35.65062388591801,0.037016827912066216,0.017314165535451346,0.0032025620496397116,0.0021350413664265365,12,0.134507606084868,0.014233609109510244
329180,-0.09883720930232553,-0.211864406779661,-0.11089866156787764,-0.15103382171710256,-0.18543713414011076,20.09569377990431,0.03963770757157487,0.016944324888255625,0.023118279569892472,0.015412186379928357,25,0.4731182795698925,0.10274790919952238
207940,-0.02779573367808663,-0.1052944675788221,-0.11840562719812431,-0.051074166377488295,-0.12244362108702633,33.61884368308351,0.03265842568484202,0.03858021782059593,0.0199468085106383,0.013297872340425532,21,-0.022606382978723416,0.08865248226950355
009150,-0.06750572082379858,-0.003667481662591676,0.5825242718446602,-0.03806432575981111,0.16461846241783373,50.3448275862069,0.04810814732244592,0.3687937595505224,0.009202453987730062,0.006134969325153374,8,1.0417177914110431,0.0408997955010225
105560,-0.03403675970047648,-0.07557003257328987,0.1297770700636942,-0.045376568333949985,-0.01904531471432025,37.22826086956522,0.03162940055083533,0.1297728420612713,0.009161381254404511,0.006107587502936272,26,0.13107822410147985,0.04071725001957515
000270,-0.08043065231158963,-0.20351069665386723,0.19900908340214696,-0.09978610620292017,-0.0786607161741999,34.78260869565217,0.03603008184054491,-0.05466630782236074,0.01790633608815427,0.011937557392102914,22,0.045454545454545414,0.07958371594735276
006400,0.026415094339622636,0.0,0.47027027027027035,0.030953885028426997,0.10884631064003258,53.25203252032521,0.04093087802991569,0.7176351667012985,0.02144607843137255,0.014297385620914985,21,0.7034313725490196,0.09531590413943324
032830,-0.05180180180180183,-0.04966139954853277,0.33565989847715727,-0.03495702005730661,0.06307762234230596,40.69767441860465,0.04336517336757526,0.3039027463947682,0.010688836104513063,0.007125890736342043,23,0.18527315914489306,0.04750593824228029
028260,-0.09946714031971582,-0.2003154574132492,0.049689440993788914,-0.0925362448541257,-0.13532872857508316,36.72566371681416,0.039712213108620525,-0.05887345630171695,-0.0029585798816568047,-0.0019723865877712033,22,0.1775147928994083,-0.013149243918474688
055550,-0.025555555555555554,-0.09307135470527406,0.1258023106546855,-0.04294210727342174,-0.016540510232688543,43.92857142857143,0.029964357208220178,0.12796129673611636,0.00855188141391106,0.005701254275940707,29,0.1391106043329533,0.03800836183960472
267260,-0.10054054054054051,-0.15704154002026338,0.055837563451776706,-0.10652920962199308,-0.09833104544469329,37.108433734939766,0.04834986175445141,-0.10904747373435136,0.021634615384615384,0.014423076923076924,22,0.5048076923076923,0.09615384615384616
068270,-0.012024048096192397,-0.12355555555555553,0.08769994484280197,-0.031077263235474772,-0.0795441285153059,41.220238095238095,0.033471946752369496,0.21494149396424966,0.009381338742393509,0.006254225828262389,24,0.016734279918864114,0.04169483885508259
010120,-0.11685116851168509,0.0056022408963585235,0.5131717597471022,-0.0638852672750978,0.11016621569385388,49.526066350710906,0.05095819065962859,0.322826717240585,0.031337047353760444,0.020891364902506964,7,0.9359331476323121,0.15813969888226792
042660,-0.017170891251022113,-0.11225997045790248,0.03979238754325265,-0.04693942277196317,-0.09925437446138863,33.08080808080807,0.043916572702985886,0.2897751383238622,0.025374376039933443,0.016916250693288924,26,0.09650582362728777,0.11277500462192616
012330,-0.03694267515923566,-0.19316969050160082,0.03137789904502042,-0.07398334149926511,-0.1189666893269885,36.36363636363636,0.04005293270717369,0.04326009460614243,0.015873015873015872,0.010582010582010581,22,0.12433862433862441,0.07054673721340388
005490,-0.020618556701030966,-0.11214953271028039,0.05891719745222934,-0.022777369581190254,-0.05178354998930579,43.523316062176164,0.032299861894870247,0.25082426415467557,0.015037593984962405,0.010025062656641546,21,0.3894736842105264,0.06683375104427698
298040,-0.09070714550166603,-0.05755947812739837,0.33478260869565224,-0.053236189815350166,0.017215909875333057,47.45201853077432,0.050445510613769576,0.28551911115193696,0.016083061889250815,0.010722041259500607,4,0.5928338762214984,0.12097699383361063
006800,0.008183306055646433,-0.0710580287127518,1.6105013349154556,-0.06518938261525409,0.20796393364826682,35.394416915453505,0.06003415308604001,0.22188177483758315,0.008116883116883116,0.005411255411255451,22,0.051948051948051965,0.03607503607503634
086790,0.0009389671361501595,-0.11240632805994999,0.12328767123287676,-0.027815777473780168,-0.01901840490797546,37.76978417266187,0.027450724560510523,0.21605088768059308,-0.00375234521575985,-0.002501563477173279,26,0.19981238273921198,-0.01667708984782186
042700,-0.15345699831365933,-0.10992907801418439,0.9248466257668713,-0.15750608374590924,0.09957506461646304,20.57416267942584,0.06555803962857043,-0.02892414265660236,0.010956175298804782,0.0073041168658698925,17,0.4661354581673307,0.04869411243913262
035420,-0.05620608899297419,-0.14618644067796616,-0.1673553719008265,-0.0708933717579251,-0.17140703173188954,31.858407079646028,0.025255887052051243,-0.07051637962104053,0.00620347394540943,0.004135649296939668,22,0.04714640198511155,0.027570995312931123
010130,-0.07841866493843164,-0.28290468986384265,0.036443148688046545,-0.11094438713307697,-0.1199496642564648,31.626506024096386,0.04160549660664721,6.444402277272737e-05,0.0017580872011251757,0.001172058134083505,23,0.11040787623066106,0.007813720893890035
009540,-0.09354413702239794,-0.2208380520951302,-0.16199756394640685,-0.12789960704778802,-0.17163325507194027,25.483870967741936,0.03694771069055515,-0.002852285430846621,0.010174418604651164,0.006782945736434052,25,0.3415697674418605,0.045219638242893684
034730,-0.12372634643377001,-0.20685111989459815,0.18737672583826437,-0.11444542512503675,-0.07882992017546087,32.21884498480243,0.04972156416371987,-0.15387848645234375,0.027408637873754152,0.018272425249169437,22,0.4119601328903655,0.12181616832779625
064350,-0.04721753794266437,-0.3192771084337349,-0.10601265822784811,-0.1301000769822941,-0.1852985236039124,29.89195678271308,0.048488461230325894,0.1273988846655297,0.019469026548672566,0.012979351032448377,20,0.584070796460177,0.08652900688298919
010140,-0.07386363636363635,-0.12678571428571428,-0.0060975609756097615,-0.11034294551077961,-0.1309499126210717,30.316742081447956,0.05262618342759613,0.11886667069198943,0.014314928425357873,0.009543285616905199,13,0.32310838445807777,0.06362190411270133
051910,-0.047770700636942665,-0.17174515235457066,-0.11669128508124071,-0.034081731545792304,-0.08448368247811999,44.827586206896555,0.04613053903757164,0.24505146559673224,0.034280936454849496,0.022853957636566266,21,0.3277591973244147,0.15235971757710845
015760,-0.10909090909090913,-0.18172888015717092,-0.11851851851851847,-0.10799378915243352,-0.23231702634206275,32.30337078651685,0.03962398643088278,-0.06643906041828593,0.01020408163265306,0.006802721088435432,23,0.0456182472989195,0.04535147392290288
000150,-0.10860121633362296,-0.109375,0.2857142857142858,-0.07696459898340158,0.05241563237255109,45.33001245330013,0.06340155115914436,0.22810014636279086,0.02729044834307992,0.01819363222871991,21,0.5555555555555556,0.1212908815247994
096770,-0.012715712988192518,-0.1695951107715814,0.054316197866149274,-0.048785823670969175,-0.03673180025698963,39.92537313432836,0.05286327711259608,0.2550430872189873,0.01701931922723091,0.011346212818153897,24,0.34498620055197793,0.07564141878769265
267250,-0.06274509803921569,-0.1786941580756014,0.26455026455026465,-0.09254864736592316,-0.04331118405251777,34.52380952380953,0.04237356338172753,-0.028977658306457245,0.007322175732217573,0.004881450488145009,23,0.2991631799163179,0.03254300325430006
316140,-0.007739938080495334,-0.09206798866855526,0.13451327433628313,-0.02002751872802322,-0.005790507703443359,42.857142857142854,0.030509887175754338,0.2824489528265871,0.0,0.0,26,0.040561622464898583,0.0
066570,-0.07611548556430447,-0.1724137931034483,0.15032679738562083,-0.07242303131450656,-0.03394017015826545,34.58646616541354,0.03336419174212424,-0.07089162363530077,0.0014204545454545455,0.000946969696969697,22,0.334280303030303,0.006313131313131314
003670,0.03615071283095728,-0.10154525386313462,0.03457041179461107,0.01057754382480014,-0.02841546577969456,46.102449888641424,0.0498102889376993,0.5592838478535341,0.022113022113022112,0.014742014742014743,22,0.23832923832923836,0.09828009828009829
272210,-0.10369206598586023,-0.2222222222222222,1.05956678700361,-0.17354773286976677,0.04977458827859049,26.731301939058184,0.08364724825695989,0.07819037288860503,0.020157756354075372,0.013438504236050206,16,0.028045574057844025,0.08959002824033471
035720,-0.049792531120331995,-0.1850533807829181,-0.25163398692810457,-0.07796064220645227,-0.18242268271276196,29.92125984251969,0.03582014962924352,0.005183297295479138,0.007641921397379912,0.005094614264919995,21,0.03275109170305668,0.033964095099466636
079550,-0.046801872074882955,-0.07564296520423597,0.41763341067285387,-0.1430575035063114,0.06651926629525651,33.07493540051679,0.07942328957772282,0.06232615886020802,0.041734860883797055,0.027823240589198037,17,0.5400981996726677,0.1854882705946536
000810,-0.08324661810613943,-0.1561302681992337,-0.11189516129032262,-0.07047900400928464,-0.11724921093502105,34.920634920634924,0.0346791137535395,0.04353251756381742,0.009080590238365494,0.00605372682557704,26,0.04653802497162318,0.040358178837180264
033780,0.010152284263959421,-0.01910043130006156,0.11018131101813111,0.02359673374911586,0.02608172560477806,57.27848101265823,0.017974590999103757,0.9107900721315196,0.002512562814070352,0.0016750418760468403,23,0.11997487437185939,0.011166945840312269
017670,-0.0026109660574412663,-0.023017902813299185,0.43609022556390986,-0.011770792911654393,0.08154020385050953,47.19101123595506,0.03653505493409023,0.4080694036134535,0.004581151832460733,0.0030541012216404252,28,0.2447643979057592,0.020360674810936168
011200,-0.018063221274460584,-0.20122448979591834,-0.03832923832923829,-0.048637612114435735,-0.05742771364811272,33.4106728538283,0.022578004670180535,0.12355439433109537,-0.008175779253960144,-0.005450519502640157,20,0.047521716913643264,-0.036336796684267716
138040,0.04995287464655984,-0.07398171238570239,-0.0044682752457551045,-0.005756615645499563,-0.03505226078420054,45.33333333333333,0.028891151072182767,0.4457737459871303,0.02378815080789946,0.015858767205266352,26,0.0026929982046679513,0.10572511470177569
024110,-0.0777537796976242,-0.149402390438247,0.011848341232227444,-0.07874865156418553,-0.06775343861436578,31.40495867768594,0.02867141212834798,-0.19082477975225937,0.00351288056206089,0.00234192037470726,26,0.058548009367681564,0.0156128024980484
000720,-0.05203468979319548,-0.05581395348837215,1.0299999999999998,-0.0754115427158566,0.1516174782197608,45.527369826435255,0.05397522183930734,0.2136360541924463,0.019704433497536946,0.013136288998357896,9,0.1386347642505279,0.08757525998905265
086280,-0.06950672645739908,-0.20038535645472066,0.13823368074602294,-0.0918043549622497,-0.13836060127896355,35.35353535353535,0.03944933863632658,-0.05902951306546895,0.006024096385542169,0.004016064257028159,22,0.09397590361445785,0.026773761713521062
047810,-0.0657969370391378,-0.166497975708502,0.40170212765957447,-0.08882188597825791,-0.021070462718060012,44.655344655344656,0.051171553780559285,0.11170000290625695,0.022465088038858532,0.014976725359238961,10,0.026108075288403088,0.09984483572825975
278470,0.013533834586466176,0.180385288966725,0.43710021321961623,0.038280828776091846,0.18895716343750912,54.94505494505495,0.04767221224824566,0.620030190967805,-0.010385756676557863,-0.006923837784371852,8,0.2596439169139466,-0.046158918562479015
047050,-0.05797101449275366,0.015625,0.4186507936507937,-0.030311249745710978,0.08425056550364562,41.463414634146346,0.050088065495587954,0.3780990871536,0.024475524475524476,0.016317016317016386,13,0.220979020979021,0.10878010878010924
030200,0.018549747048903775,-0.041269841269841234,0.13962264150943393,0.01410342511752849,0.03821692545694155,51.63398692810458,0.023697644654348902,0.6438221227832358,-0.005794701986754967,-0.0038631346578366847,26,0.008278145695364225,-0.025754231052244565
003550,-0.053714285714285714,-0.19219512195121946,0.01595092024539868,-0.08386811241425096,-0.08627761122657296,35.69482288828338,0.03931927881305574,-0.027900319245222654,0.004227053140096618,0.0028180354267310203,21,0.1968599033816425,0.01878690284487347
010950,-0.02859778597785978,-0.2547770700636943,0.2952029520295203,-0.0798269760125836,0.011818968002306196,39.503386004514674,0.0408644577874635,0.24068779647515914,0.018518518518518517,0.012345679012345678,20,0.27730294396961064,0.0823045267489712
047040,-0.05182926829268297,0.747191011235955,3.191374663072776,0.1690410855918505,0.8932437779649152,67.17791411042944,0.09173553292680259,0.6530864930593355,0.06623794212218649,0.044158628081457624,7,1.2508038585209005,0.33426404547736277
006260,-0.07414104882459316,-0.03578154425612057,0.23671497584541057,-0.02680098840524614,0.0599243699798504,51.34099616858237,0.047127413041219646,0.4072905545011498,0.0224609375,0.014973958333333372,7,0.76953125,0.1133471782700425
011070,0.005136986301369939,0.029824561403508865,0.08103130755064458,0.060907283571299375,0.08445977153062167,61.56583629893238,0.04280610742239042,0.6769819032407578,0.024701873935264053,0.016467915956842636,22,0.9522998296422487,0.1097861063789509
0126Z0,-0.04263565891472865,-0.17391304347826086,-0.33152909336941816,-0.06642728904847395,-0.18229971308761872,37.82383419689119,0.03799826742780918,-0.03919374847630978,0.0075910931174089065,0.005060728744939271,22,0.09919028340080982,0.033738191632928474
071050,-0.04028436018957349,-0.158004158004158,0.20607504466944615,-0.08650050749971805,-0.05452621257985946,37.5,0.04829669422351338,0.03172437097031945,0.018518518518518517,0.012345679012345678,26,0.18518518518518512,0.0823045267489712
277810,-0.13455149501661134,-0.37976190476190474,0.09568874868559418,-0.23830409356725146,-0.1901344594419544,15.70996978851963,0.06531433332531661,0.07650644496631295,0.02399232245681382,0.015994881637875956,22,0.27447216890595016,0.10663254425250637
018260,-0.04455760661998731,-0.1548423423423423,-0.12478134110787176,-0.05958273291147176,-0.1179581603071379,35.86497890295358,0.02981700826633076,-0.012044622707100843,0.009660226515656229,0.006440151010437422,21,0.1072618254497002,0.04293434006958281
259960,0.07822410147991543,0.0805084745762712,0.05154639175257736,0.08846441148223239,0.051980198019802026,66.87116564417178,0.037478627334901114,0.9484524371561256,-0.008823529411764706,-0.0058823529411764705,23,0.03921568627450989,-0.0392156862745098
307950,-0.1159062885326757,-0.19798657718120805,0.14903846153846145,-0.10970385546656736,-0.16109280240244928,31.92182410423453,0.04100437193173356,-0.0488704474505972,0.022315202231520222,0.014876801487680094,22,0.25662482566248257,0.09917867658453397
005940,-0.10166919575113809,-0.11111111111111116,0.3864168618266979,-0.08627874672017288,0.03590072618040763,39.89071038251366,0.05304873160398948,0.07705445112711086,0.019425675675675675,0.01295045045045041,26,0.13682432432432434,0.08633633633633607
443060,-0.0011123470522803602,-0.01318681318681314,-0.0836734693877551,0.02371181030551761,-0.005821516546576699,51.285714285714285,0.03957000250729631,0.6600121595921729,-0.008351893095768375,-0.005567928730512249,23,0.47828507795100217,-0.03711952487008167
323410,0.006302521008403339,-0.0607843137254902,0.09862385321100908,-0.006842214389384149,-0.009204674733685025,47.40740740740741,0.029701620945329642,0.4333622767886158,0.006263048016701462,0.0041753653444676405,26,0.016701461377870652,0.027835768963117603
352820,0.020477815699658786,-0.1682892906815021,-0.06562500000000004,-0.1037170263788969,-0.1571331250440462,30.465949820788524,0.044278217158734715,0.1774542913801913,0.014214046822742474,0.009476031215161586,27,-0.12040133779264217,0.06317354143441058
007660,-0.18469217970049912,-0.14782608695652177,-0.21285140562248994,-0.13185985737697659,-0.14008686877550125,41.30434782608696,0.06918520380988501,0.07292228615178292,0.009693877551020408,0.006462585034013556,8,0.5336734693877552,0.04308390022675704
005830,-0.1083287969515514,-0.12265666845206213,0.2697674418604652,-0.09133775275289158,0.021695965402888095,38.69463869463869,0.04431467560472292,-0.012064146558096064,-0.0027472527472527475,-0.0018315018315018315,22,0.023199023199023117,-0.01221001221001221
001440,-0.07772020725388606,-0.16692667706708264,0.12421052631578955,-0.08569471791798644,-0.08305191460133932,34.72803347280335,0.04507531295781093,0.014169490618135407,0.02153558052434457,0.014357053682896335,21,1.1086142322097379,0.09571369121930891
039490,0.026250000000000107,-0.03297997644287398,0.38448566610455304,-0.0446823365138469,0.020657646644427263,41.75365344467641,0.06281157552765954,0.2856722408463866,0.007308160779537149,0.0048721071863581,26,-0.030450669914738104,0.032480714575720666
028050,0.056213017751479244,0.01564722617354186,0.4691358024691359,0.08067201453004391,0.15518403667250902,63.63636363636363,0.04087098658696144,0.9725077235293127,-0.014005602240896359,-0.00933706816059764,22,0.4873949579831933,-0.06224712107065093
003230,-0.0024937655860348684,0.023890784982935065,-0.05213270142180093,0.07768298158958231,0.030573686018550372,60.20408163265306,0.03407843111553154,0.8377582800976748,0.010833333333333334,0.007222222222222287,25,0.11749999999999994,0.04814814814814858
000250,-0.11431623931623935,0.09946949602122013,2.565591397849462,-0.04272517321016167,0.43520789450904585,52.79755849440488,0.10880613697143038,0.4413287699953732,0.1881785283474065,0.12545235223160434,1,-0.4987937273823885,7.50205066344994
016360,-0.023255813953488413,-0.08059701492537319,0.21259842519685046,-0.03518847238174794,0.00540422908128102,43.00518134715026,0.038673651587048864,0.2405587483093189,0.00974025974025974,0.006493506493506494,26,0.16341991341991347,0.043290043290043295
000880,-0.06544502617801051,-0.22671480144404332,0.3125,-0.10608463400383938,-0.07927729141891027,27.180527383367135,0.0498664846264042,0.08920197206176456,0.00980392156862745,0.006535947712418301,22,0.24556489262371617,0.04357298474945534
003490,-0.0523138832997988,-0.06547619047619047,0.03289473684210531,-0.04014672916242101,-0.028899350537782142,44.77611940298508,0.044780701127334226,0.20808483082224022,0.008492569002123142,0.005661712668082043,23,0.0424628450106157,0.037744751120546954
267270,-0.05442176870748294,-0.11150568181818177,0.19712918660287082,-0.024409264602667124,0.00432182185530583,45.9016393442623,0.03258811291228911,0.30658349983295835,0.009992006394884092,0.006661337596589357,29,0.4700239808153477,0.044408917310595715
009830,-0.1744444444444444,-0.23164426059979315,0.38619402985074625,-0.19300532203758014,-0.054286259784891544,28.951255539143276,0.07676133962315514,0.1175522062902282,-0.0013458950201884253,-0.0008972633467923488,27,0.36473755047106327,-0.005981755645282325
005387,-0.07370517928286857,-0.17406749555950263,0.1018957345971565,-0.10370084811102542,-0.11967942447859137,33.85416666666667,0.04433378442261152,-0.07758116144733744,0.021505376344086023,0.014336917562724056,21,0.06666666666666665,0.09557945041816038
950160,0.14731182795698916,0.015223596574690745,0.35923566878980884,0.02987307562376329,0.14610000179022187,55.12321660181582,0.07422935929312942,0.5826346492740571,0.041237113402061855,0.027491408934707858,2,-0.04404873477038429,0.7147766323024043
062040,-0.11714659685863871,-0.10186418109187745,0.006716417910447747,-0.08243776356958232,-0.08404721219459754,44.875943905070116,0.05997351660492527,0.20127971899944377,0.02223869532987398,0.014825796886582653,24,0.971830985915493,0.09883864591055103
028300,0.01200000000000001,-0.06469500924214422,0.031600407747196746,0.008973080757726848,-0.0419690754181129,55.154639175257735,0.03997171755825023,0.5640317416491143,0.020750988142292492,0.01383399209486166,20,0.20158102766798414,0.0922266139657444
090430,0.011053795136330091,-0.010101010101010055,0.14619883040935666,0.02564102564102555,0.007786102541501361,57.739557739557746,0.026482560318043177,0.6773696643051423,0.016763848396501458,0.011175898931001042,27,-0.01384839650145775,0.07450599287334028
066970,0.1512,0.28024911032028466,0.36268939393939403,0.19592769582381053,0.22478508809260367,68.76574307304786,0.06754098228009618,0.8239534679780679,0.04933981931897151,0.032893212879314404,1,0.35580264072272416,1.9670141301830015
326030,-0.002105263157894721,-0.13974591651542645,-0.24462151394422316,-0.03260370427062609,-0.14681706365872682,44.568245125348184,0.039594923298176536,0.24939003906167673,0.004219409282700422,0.0028129395218003325,21,0.053797468354430444,0.01875293014533555
078930,-0.057607090103397374,-0.09503546099290783,0.18148148148148158,-0.028993227303858116,-0.020696359589654434,47.602739726027394,0.036826965999689654,0.28045681719424526,0.013322884012539185,0.008881922675026086,26,0.2836990595611286,0.05921281783350724
298380,-0.04048582995951422,-0.10130010834236192,-0.16800401203610837,-0.08147163856822526,-0.13913584944823054,38.525730180806676,0.05423397467581213,0.15487185550108884,0.0189873417721519,0.012658227848101266,9,-0.18746232670283303,0.08438818565400844
377300,-0.09369202226345086,-0.2171474358974359,-0.02202202202202197,-0.1467621501244487,-0.16699823793554258,30.15597920277297,0.05213021604093061,-0.008652374741454362,0.008188331627430911,0.005458887751620557,22,0.1402251791197544,0.03639258501080372
180640,-0.11129431162407255,-0.2102564102564103,-0.10835401157981805,-0.09862452443664038,-0.13808267370272642,39.71061093247588,0.05125649118185377,-0.025053632005324865,0.006493506493506494,0.004329004329004374,23,0.045454545454545414,0.028860028860029162
082740,-0.07635206786850479,-0.1494140625,0.023501762632197387,-0.08867381637457494,-0.14845774062668038,34.14634146341464,0.038158919890865735,-0.01910791722896459,0.02812858783008037,0.01875239188672019,26,1.020665901262916,0.12501594591146795
161390,-0.03392857142857142,-0.1901197604790419,-0.07521367521367517,-0.053036933309994705,-0.13885499018411418,39.111111111111114,0.035143033679645996,0.11674033886515374,-0.0036968576709796672,-0.0024645717806531563,22,0.0942698706099816,-0.01643047853768771
000100,-0.008368200836820106,-0.10985915492957743,-0.1618037135278515,-0.03260370427062609,-0.10367323783860449,43.6426116838488,0.02977591926360643,0.15069497866256665,0.014767932489451477,0.009845288326300933,24,-0.03375527426160341,0.06563525550867289
052690,-0.041191381495564006,-0.052005012531328276,0.6755260243632337,-0.059722826424709496,0.06087342674504215,46.49827784156142,0.05233586491969755,0.28524394752865473,0.012888301387970919,0.008592200925313946,12,0.24653007270323868,0.05728133950209298
454910,-0.07558139534883723,-0.19125127161749744,0.0076045627376426506,-0.0898162459213464,-0.1801729027379132,33.81502890173411,0.045977477949290094,0.008025492460486384,0.013836477987421384,0.00922431865828086,22,0.38616352201257853,0.061495457721872405
241560,-0.05166666666666664,-0.12326656394453006,-0.018965517241379293,-0.0414420485175202,-0.06598818122127381,39.47368421052631,0.03515893610589014,0.22712090976737423,0.009666080843585237,0.0064440538957234485,29,0.26537785588752194,0.04296035930482299
000990,-0.05875299760191843,-0.13259668508287292,0.16989567809239947,-0.07560056523787095,-0.11155543818613955,38.75432525951557,0.06668114127424231,0.12941497676692823,0.04331210191082802,0.028874734607218747,21,1.0191082802547773,0.19249823071479166
010060,0.057432432432432456,0.2672064777327936,0.6147893379191745,0.11097964978703256,0.327208480565371,66.88578471651603,0.07031262775186807,0.6995336061739734,0.03354632587859425,0.022364217252396165,7,0.959531416400426,0.16928863185991022
032640,0.017026850032743956,-0.036002482929857194,0.045791245791245716,0.014071631460380596,-0.006959172146259851,55.36105032822757,0.023367789845343906,0.6280049324799499,-0.000643915003219575,-0.00042927666881301097,22,0.019961365099806727,-0.0028618444587534065
001040,-0.07352941176470584,-0.08695652173913049,0.10397196261682251,-0.013853017140173729,-0.04319946000675001,53.3197139938713,0.03919453100974763,0.44166433829132484,0.03333333333333333,0.022222222222222223,29,0.1878306878306879,0.14814814814814817
064400,-0.12125984251968502,-0.17455621301775148,-0.10144927536231885,-0.12098298676748587,-0.16362727954034484,29.674796747967477,0.04010988291043576,-0.06351157160562583,0.02060931899641577,0.01373954599761047,21,0.16487455197132617,0.09159697331740314
029780,-0.10304054054054057,-0.14216478190630044,-0.05516014234875444,-0.08432488360062085,-0.0765752709987827,27.14285714285714,0.021238738424795227,-0.047589692729281645,-0.005649717514124294,-0.003766478342749529,26,0.0037664783427495685,-0.025109855618330193
034220,-0.05240174672489084,-0.15629860031104204,-0.09583333333333333,-0.06259449652252802,-0.103589771835369,36.72566371681416,0.03720325737411569,0.006143598818484323,0.010599078341013824,0.007066052227342494,22,0.12995391705069115,0.04710701484894996
021240,-0.0013831258644536604,-0.11302211302211307,-0.1672433679354095,-0.017553408627024036,-0.08800000000000008,43.44827586206897,0.020057137132644055,0.21552017328519932,0.007617728531855956,0.005078485687904037,28,0.19252077562326875,0.03385657125269358
087010,-0.10244648318042815,0.1353965183752417,0.16007905138339917,-0.02158513209434121,0.06372697070371491,47.63231197771588,0.062385547536748326,0.4453464652018704,0.010221465076660987,0.0068143100511073255,7,-0.11243611584327085,0.05158173937420482
128940,0.007827788649706457,-0.09807355516637473,0.14190687361419063,-0.00019413706076487625,0.0030350737668998207,55.144032921810705,0.0492435268322728,0.49892039236584823,0.021359223300970873,0.014239482200647212,27,-0.10679611650485432,0.09492988133764808
103590,-0.10090556274256146,-0.16466346153846156,0.25678119349005435,-0.11034306195596522,-0.021149738269054752,32.06896551724138,0.044173082568774336,-0.07628170973561771,0.01870503597122302,0.012470023980815417,21,0.7625899280575539,0.08313349320543612
036570,0.029885057471264354,0.0205011389521641,0.11166253101736978,0.020943004945192634,0.005077736481180928,57.95454545454546,0.036026966538829676,0.6248886149360801,0.006696428571428571,0.004464285714285714,23,0.2075892857142858,0.02976190476190476
138930,-0.006111111111111067,-0.09095528455284552,0.11533665835411466,-0.02536024624771871,0.0005313050529907049,38.671875,0.02965424631004941,0.2043115545581962,-0.0022358859698155395,-0.0014905906465437608,26,0.04695360536612636,-0.009937270976958406
005385,-0.08399999999999996,-0.1879432624113475,0.11707317073170742,-0.11600077205172743,-0.1225213143021362,32.88288288288288,0.04627993999333675,-0.09946732297504593,0.025109170305676855,0.01673944687045128,21,0.0873362445414847,0.11159631246967519
004020,-0.04539007092198577,-0.1871980676328503,0.07679999999999998,-0.06449819293855996,-0.009905845429580173,37.541528239202655,0.04675951826424746,0.12600917388549124,0.01188707280832095,0.007924715205547229,21,0.2644873699851411,0.0528314347036482
271560,-0.040479760119940034,-0.024390243902439046,0.21442125237191645,-0.014778325123152691,0.041355932203389845,48.84259259259259,0.027263548477618582,0.36863436442855757,-0.018359375,-0.012239583333333371,23,0.12187499999999996,-0.08159722222222247
214370,-0.13523809523809527,-0.296124031007752,0.30647482014388494,-0.1845898253333932,-0.1380428763547188,20.863309352517987,0.05444578380990826,0.10625902881335542,0.008259911894273128,0.005506607929515419,26,0.16189427312775329,0.03671071953010279
450080,-0.014705882352941124,-0.01179941002949858,0.21376811594202905,0.019709306749866817,0.054453887315077054,47.129909365558916,0.06207182384347504,0.5701184855375159,0.04328358208955224,0.028855721393034755,2,0.19850746268656727,0.7502487562189036
353200,-0.011597938144329856,0.30664395229982966,0.6267232237539766,0.06735318675201785,0.27780091628488135,64.4308943089431,0.07702112846575355,0.6117332309144272,0.020860495436766623,0.013906996957844479,4,0.470664928292047,0.15691290907152827
088980,-0.021795989537925053,-0.009708737864077666,0.002680965147453085,-0.0119760479041916,-0.009592185017360033,45.74468085106383,0.008534033843264762,0.16359276631511702,0.0066844919786096255,0.004456327985739751,26,0.01158645276292325,0.029708853238265005
022100,-0.04071661237785018,-0.15857142857142859,-0.015050167224080258,-0.05790147152911074,-0.154565680246884,36.82008368200836,0.045147324564680166,0.14438420584837244,0.010186757215619695,0.006791171477079796,29,0.18505942275042453,0.04527447651386531
310210,0.0016313213703098572,-0.06402439024390238,0.3954545454545455,-0.04301745635910226,0.19289701710984763,43.25153374233129,0.05595207301784991,0.3226708573936648,0.0008143322475570033,0.0005428881650380654,12,-0.07491856677524433,0.003619254433587103
175330,0.02590673575129543,-0.0465489566613162,0.1401151631477926,-0.0055248618784530246,0.04470174410083527,43.220338983050844,0.0351798548461754,0.4558892902235621,0.0,0.0,26,-0.08080808080808077,0.0
002380,-0.06769825918762085,-0.17324185248713553,0.1503579952267302,-0.07711454693408648,-0.037379755683520366,35.55555555555556,0.0529152986305472,0.04104856039005423,0.00933609958506224,0.006224066390041493,22,0.15145228215767625,0.04149377593360996
011170,0.0024875621890547706,-0.043890865954922864,0.1320224719101124,0.04559901407537126,0.03530217721735762,57.14285714285714,0.04754048976376155,0.6763066156536734,0.01240694789081886,0.0082712985938793,21,0.41315136476426795,0.055141990625862
108490,-0.06949806949806947,-0.06589147286821706,-0.09906542056074763,-0.03173965447971072,-0.09574135451191301,46.7741935483871,0.06034158447854663,0.35546789238598575,0.03319502074688797,0.022130013831258684,22,0.3132780082987552,0.14753342554172458
011790,-0.08608185390685741,-0.1337754494342327,-0.13949080991105722,-0.07011872196586633,-0.14163241810644545,33.03300424933704,0.045950701315735275,0.03467019443414173,0.02409224387060688,0.01606149591373786,23,0.3750349585158945,0.10707663942491909
489790,-0.14457831325301207,-0.0633245382585752,0.6627634660421546,-0.11416094822208356,0.07809890165510947,44.12265758091993,0.07500631527739691,0.11288468772007663,0.01267605633802817,0.008450704225352112,4,0.21408450704225346,0.09534945522189742
018880,-0.04834605597964381,-0.10419161676646704,0.24252491694352152,-0.0651168603924509,-0.008461657424386315,40.634005763688755,0.0409307296186878,0.08867365587324853,0.01537433155080214,0.010249554367201466,27,0.13101604278074874,0.06833036244800977
088350,-0.08565531475748189,-0.0780437044745057,0.37151702786377716,-0.07563901930099115,0.061904476538622966,37.59259259259259,0.05830488221032732,0.1432189938540906,0.010158013544018058,0.006772009029345372,26,0.10270880361173806,0.045146726862302484
251270,-0.040935672514619936,-0.04280155642023342,0.016528925619834656,-0.05257076834199881,-0.059018535932295335,42.10526315789474,0.042386634162517756,0.22493887395225506,0.01524390243902439,0.01016260162601626,27,0.009146341463414531,0.06775067750677508
000500,-0.1477272727272727,-0.11040145985401462,0.1470588235294117,-0.05067912954578646,0.021067146073691534,52.19206680584551,0.046067877174821255,0.3404676983454288,0.03230769230769231,0.021538461538461538,23,1.476923076923077,0.14358974358974358
336260,-0.12335958005249348,-0.1544303797468355,0.1283783783783783,-0.17244796828543107,-0.09343828458980796,36.10108303249098,0.07270800171598296,0.06079588169239301,0.0374251497005988,0.024950099800399275,13,0.8203592814371257,0.1663339986693285
440110,-0.1881625441696113,-0.2211864406779661,1.1623529411764704,-0.22964080640429185,0.09172985922743382,27.450980392156865,0.07457149065180581,0.00504904284569067,0.03373231773667029,0.022488211824446915,17,0.7018498367791077,0.14992141216297944
051900,-0.01200000000000001,-0.02564102564102566,-0.04263565891472865,0.007957559681697646,-0.04957352658244085,49.285714285714285,0.02679498023395292,0.5764320872588218,-0.008097165991902834,-0.005398110661268596,27,0.028340080971659853,-0.0359874044084573
017800,-0.03476245654692933,-0.11945031712473575,-0.06927374301675981,-0.038994000922934924,-0.09850110928735056,36.787564766839374,0.02334007601514372,0.0557228075745046,0.006602641056422569,0.004401760704281771,25,0.18487394957983194,0.029345071361878475
004170,-0.06240249609984394,-0.1641168289290682,0.20440881763527052,-0.0913214393710311,-0.04887505604937625,36.21262458471762,0.044032107404069924,-0.07221692009764757,0.005823627287853577,0.0038824181919024496,21,0.3544093178036605,0.025882787946016332
375500,0.10779436152570487,0.3632653061224489,0.623329283110571,0.21775590192325223,0.3742263976273337,68.62944162436548,0.08740003794936908,0.7954219158439279,0.03293413173652695,0.02195608782435137,4,0.48203592814371254,0.24773095318796454
023530,0.030476190476190546,0.043394406943105146,0.48830811554332865,0.05273399494065001,0.16548777422713723,59.22509225092251,0.04520414782940508,0.6840559127574231,0.009704251386321626,0.006469500924214418,2,0.2504621072088724,0.16820702402957485
004800,-0.0860597439544808,-0.17891373801916932,0.09829059829059839,-0.07990834884720033,-0.11017242573229002,43.797195253505926,0.061062497343117486,0.10879828904707647,0.01906614785992218,0.012710765239948081,22,0.7743190661478598,0.08473843493298722
097950,-0.0045977011494252595,0.04337349397590362,0.03341288782816232,0.05743870274494478,0.02462572370600591,67.46987951807229,0.024119713886912694,0.8069477642111053,0.004618937644341801,0.0030792917628944894,29,0.1385681293302541,0.02052861175262993
032820,-0.24584103512014788,0.19577960140679962,4.513513513513513,-0.1071623957809047,0.49126440702746166,44.072164948453604,0.1070775902635573,0.36173744257864027,0.025735294117647058,0.01715686274509804,9,0.05882352941176472,0.11437908496732027
011780,-0.07456828885400313,-0.14873646209386282,-0.02642444260941368,-0.049155207871285134,-0.12042275411874415,43.46289752650176,0.044266827010719496,0.2527927674455347,0.011450381679389313,0.007633587786259542,22,0.24342663273960974,0.05089058524173028
035250,-0.06788079470198671,-0.09871931696905012,-0.08653326122228233,-0.05902671383603997,-0.06861753947392601,34.11078717201167,0.01982048587882877,-0.2994902903912775,0.008880994671403197,0.005920663114268798,23,0.018354055654233203,0.03947108742845865
111770,-0.02966625463535233,-0.19897959183673475,-0.045012165450121655,-0.08090387542442334,-0.09447456454031611,31.86440677966101,0.04039084953310225,0.145323209485933,0.01019108280254777,0.006794055201698452,20,0.056050955414012726,0.045293701344656344
457190,-0.0033482142857143016,-0.15114068441064643,0.508445945945946,-0.04091934271292019,-0.010471494265610337,39.08629441624365,0.054254964144953705,0.3026990611756829,0.011198208286674132,0.007465472191116143,21,0.3605823068309071,0.049769814607440954
012510,0.004215851602023646,0.00591216216216206,0.40448113207547176,0.001429412259312146,0.15180039328197026,51.85185185185185,0.002208306418693365,0.6491844452447489,0.0008396305625524769,0.0005597537083683586,13,0.007556675062972307,0.003731691389122391
036460,-0.02781641168289295,-0.13916256157635465,-0.11294416243654826,-0.0277488003338201,-0.10689948892674628,43.61702127659574,0.024153891551715056,0.18754001278690285,-0.005007153075822604,-0.0033381020505483332,26,0.11874105865522178,-0.02225401367032222
071970,-0.08643617021276595,-0.1792114695340502,-0.2467105263157895,-0.11486181794756167,-0.19694519667244637,31.502890173410407,0.042829994855976675,-0.08508025463635895,0.021834061135371178,0.01455604075691412,25,0.5400291120815137,0.09704027171276079
178320,-0.13617886178861793,-0.007009345794392496,0.6536964980544746,-0.06009841322496823,0.1462219625117993,44.47004608294932,0.0701345169424028,0.23831593251002595,0.011176470588235295,0.007450980392156806,5,0.3999999999999999,0.07426143790849617
226950,0.0043407487791644606,-0.04685890834191553,0.32214285714285706,-0.016628592679169052,0.17763074182465965,52.77475516866159,0.06577592789435137,0.4227514398171155,-0.008103727714748784,-0.005402485143165856,17,-0.06807131280388978,-0.03601656762110571
020150,0.045454545454545414,0.031133250311332406,0.30805687203791465,0.06707906437270439,0.0668040971461703,61.74698795180723,0.05156236487397678,0.7905292518925234,0.0036231884057971015,0.0024154589371980675,23,0.6111111111111112,0.01610305958132045
319400,-0.14821428571428574,-0.26388888888888884,0.17199017199017197,-0.1776570985259891,-0.20302527373380708,10.454545454545453,0.06305355960635599,-0.009474983896107585,0.031446540880503145,0.020964360587002098,23,0.3144654088050314,0.13976240391334732
439260,-0.020571428571428574,-0.10729166666666667,0.2529239766081872,-0.09220909909432762,0.05663324017754401,27.450980392156865,0.04208496294097414,0.19088656198575554,0.005834305717619603,0.003889537145079679,16,0.04434072345390905,0.025930247633864527
302440,-0.010676156583629859,-0.09544468546637741,-0.1463664278403275,-0.02433317735142726,-0.1155885471898197,40.7725321888412,0.030426458198950658,0.22591990757447586,0.009592326139088728,0.006394884092725761,29,0.03237410071942448,0.04263256061817174
031210,-0.052631578947368474,-0.07936507936507942,0.04714142427281853,-0.05520361990950229,-0.013931523022432168,32.27848101265822,0.03200443064885189,0.06301657240848539,0.011494252873563218,0.007662835249042145,26,-0.08429118773946365,0.051085568326947633
012750,-0.016073478760045945,-0.017201834862385357,0.17397260273972592,0.007583328434542347,0.035336756266988845,54.285714285714285,0.020192112003689505,0.5734676213209582,-0.007001166861143524,-0.004667444574095682,29,0.004667444574095736,-0.031116297160637883
006360,-0.10992907801418439,0.17564402810304447,0.2998446400828587,0.042835182184552734,0.1739943872778298,59.49367088607595,0.07779251069240033,0.5646209330579164,0.018924302788844622,0.012616201859229795,6,0.5159362549800797,0.121685301803539
347850,-0.0800542740841248,-0.2032902467685076,-0.30603889457523026,-0.14041204437400956,-0.21671319919129672,38.64468864468865,0.07216809217558559,0.044547306794072934,0.02728613569321534,0.018190757128810155,21,0.0943952802359882,0.12127171419206771
014680,-0.09498207885304655,-0.19713831478537358,0.13228699551569512,-0.10801024463481412,-0.0900354375638176,33.19148936170214,0.040955321673161,-0.11715037997356542,0.005940594059405941,0.0039603960396039604,21,0.1287128712871286,0.026402640264026403
001720,-0.0871287128712871,-0.08029925187032416,0.2895104895104894,-0.06892198939661698,0.007182456236174417,41.1134903640257,0.04997036347450603,0.19905889925741752,0.016811279826464208,0.01120751988430942,25,0.06887201735357928,0.07471679922872947
139130,0.0030012004801920344,-0.07679558011049725,0.09001956947162437,-0.009777777777777774,0.00264010560422423,43.97463002114165,0.02807700096628029,0.3768490657720765,0.0002992220227408737,0.00019948134849384324,26,0.14302812687013766,0.0013298756566256216
004990,-0.11363636363636365,-0.18991097922848665,0.022471910112359605,-0.10499139414802061,-0.11000027167268878,35.0,0.03792228080265196,-0.2233341109033411,0.015567765567765568,0.010378510378510335,25,0.11904761904761907,0.0691900691900689
0009K0,-0.05600000000000005,-0.2659409020217729,-0.2374798061389337,-0.19122686771761477,-0.1605655511752675,26.509186351706035,0.07252197616306723,0.09909384763969575,0.030190677966101694,0.020127118644067795,13,-0.007415254237288171,0.13418079096045196
112610,-0.02931596091205213,0.18489065606361832,0.41567695961995255,0.04391995445986785,0.2484289903644743,62.460567823343844,0.05204153674945891,0.596547519429616,0.03104026845637584,0.0206935123042506,7,0.20134228187919456,0.1566420298473653
083650,-0.06754032258064513,0.015367727771679496,0.712962962962963,-0.062436651125076015,0.16227932399321476,41.649048625792815,0.058751433670173735,0.318205216595785,0.023243243243243242,0.015495495495495443,7,0.054054054054053946,0.11729501653552248
084370,-0.13852140077821007,-0.14649190439475712,0.476,-0.12604113212015944,0.021311929144754993,39.3026941362916,0.07107172038758057,0.08248203909374992,0.0036133694670280035,0.002408912978018713,17,0.17434507678410127,0.016059419853458087
028670,-0.02876984126984128,-0.2104838709677419,0.2664941785252264,-0.03972535556645418,0.020535807359532976,45.75835475578406,0.0454707561659949,0.23051515346874615,0.0015321756894790602,0.0010214504596527069,20,0.13176710929519908,0.006809669731018046
139480,0.0041972717733473885,-0.05059523809523814,0.16140776699029136,0.00694444444444442,0.010826511750726242,49.49152542372882,0.028423851961041708,0.5546041969557904,0.012016718913270637,0.008011145942180475,29,0.11494252873563227,0.053407639614536505
005850,-0.07202680067001677,-0.1888726207906296,0.2959064327485381,-0.11338721293110343,-0.027458782567988615,33.834586466165405,0.045841865693860735,0.0006160892391863127,0.009927797833935019,0.0066185318892899685,21,0.13537906137184108,0.044123545928599794
005290,-0.08195020746887971,-0.16351606805293006,0.20408163265306123,-0.09578544061302685,-0.07045951859956234,37.42203742203742,0.06246746503240425,0.09650996052968883,0.00847457627118644,0.005649717514124294,22,0.27909604519774,0.037664783427495296
043260,-0.13218390804597702,0.3315696649029982,3.0116896918172156,-0.11649406120180217,0.44183944337995174,36.27844712182061,0.11266863944438806,0.3049661987114576,0.029801324503311258,0.019867549668874173,12,0.08344370860927142,0.13245033112582782
058610,-0.08084358523725832,-0.22403560830860536,0.2176949941792783,-0.1337115408505528,-0.12834543964667156,22.058823529411754,0.05418431343876548,0.09435988785272276,0.028680688336520075,0.019120458891013385,22,0.21988527724665397,0.12746972594008923
120110,-0.00544959128065392,0.08308605341246289,0.6294642857142858,0.04188967387425957,0.24591096572322568,51.57593123209169,0.0640000216088977,0.6028737986941122,0.028082191780821917,0.01872146118721468,3,0.28904109589041105,0.2870624048706251
007340,-0.028025477707006363,0.439622641509434,0.5797101449275361,0.1328878990348923,0.3245761240668943,73.33333333333333,0.07445599465207466,0.6743051027344108,-0.01834862385321101,-0.012232415902140609,3,0.25950196592398433,-0.18756371049948933
009970,-0.01573033707865168,-0.10245901639344257,0.15384615384615374,-0.022103148024112507,0.02833798981053226,43.97905759162304,0.037420842296490474,0.3039402649428471,0.0091324200913242,0.0060882800608828445,23,-0.05022831050228316,0.04058853373921897
483650,-0.05459387483355527,-0.10466582597730134,-0.018659295093296446,-0.05010368586527525,-0.08129266004593538,46.05597964376591,0.04668064290069046,0.14047651707100486,0.03169014084507042,0.02112676056338028,28,0.591549295774648,0.14084507042253522
051600,-0.10483870967741937,-0.04475043029259895,0.10778443113772451,-0.05740489130434778,-0.030962635316028497,48.698884758364315,0.03970323883463757,0.28286020314212734,0.016216216216216217,0.010810810810810811,7,0.12072072072072082,0.08183373246664387
100790,0.2860576923076923,0.21315192743764166,1.08984375,0.13431570020142058,0.34804847935092087,58.43881856540085,0.10084976717844414,0.7225949385201591,0.059813084112149535,0.03987538940809973,2,0.9588785046728971,1.0367601246105929
103140,-0.07272727272727275,-0.3361408882082695,-0.2245080500894454,-0.14824638962570003,-0.2316894855775622,25.505050505050505,0.035774279160217456,0.10668046091835033,0.008073817762399077,0.005382545174932774,20,0.14417531718569787,0.03588363449955183
098460,-0.11413043478260865,-0.2035830618892508,0.03821656050955413,-0.14912128066817465,-0.17955314448701098,27.346938775510196,0.06819852179323703,-0.021458456249683677,0.02965235173824131,0.01976823449216082,17,0.6462167689161553,0.1317882299477388
001430,-0.06531204644412192,-0.03880597014925369,0.3237410071942446,-0.02498107494322488,-0.06587694911156783,42.77929155313352,0.05897015931375936,0.4052280832177337,0.06133540372670807,0.04089026915113864,26,0.17236024844720488,0.2726017943409243
257720,-0.02179487179487183,-0.07515151515151519,-0.0013089005235602524,0.013684070678889437,-0.09773546975699166,51.461988304093566,0.04849582632332361,0.604994153813919,0.015727391874180863,0.010484927916120577,24,0.15334207077326334,0.06989951944080385
204320,-0.06925996204933582,-0.1484375,-0.12722419928825623,-0.05845090699683275,-0.16101260049033583,37.8082191780822,0.042499092142581935,0.0844256980430251,0.019877675840978593,0.013251783893985729,22,0.1641182466870541,0.08834522595990486
031980,-0.06206896551724139,0.07814269535673835,1.027689030883919,-0.09329015667412732,0.18799525800212136,39.99999999999999,0.0664268894017281,0.1507799985418302,0.01207983193277311,0.008053221288515457,17,0.30567226890756305,0.053688141923436385
018670,0.10472279260780293,0.024761904761904763,0.18502202643171817,0.11491037198217802,0.1528571428571428,73.33333333333334,0.038370803105096184,1.033860380355643,-0.013940520446096654,-0.00929368029739777,0,0.07434944237918217,-0.929368029739777
229640,-0.10567296996662956,-0.10666666666666669,0.13080168776371304,-0.07335907335907332,-0.02841836015387411,44.354838709677416,0.04998242818937131,0.18552277806194323,0.03296019900497513,0.02197346600331681,12,1.1666666666666665,0.1464897733554454
140410,-0.008018327605956443,-0.3469079939668175,-0.059717698154180265,-0.16918501463040247,-0.27273745206169697,31.823085221143472,0.0822620259135238,0.2539611624113441,0.02020785219399538,0.013471901462663643,27,0.012702078521940052,0.08981267641775763
00680K,-0.037755102040816335,-0.10237494645661793,0.6724306109780971,-0.07764236389600732,0.10576382815515495,35.446685878962526,0.05568293759772313,0.12832191190634742,0.016967126193001062,0.011311417462000643,21,0.03446447507953332,0.07540944974667096
026960,0.02819548872180455,0.01862197392923659,-0.01618705035971224,0.04749138261202601,0.033538025507793945,60.74074074074074,0.019210795244999333,0.8426347510435057,0.005484460694698354,0.003656307129798903,25,-0.02376599634369292,0.02437538086532602
067310,-0.1485451761102603,-0.18355359765051393,0.10317460317460325,-0.14540424223793424,-0.12761506276150636,39.47368421052632,0.07163374607603872,-0.04897118404604528,0.018884892086330936,0.012589928057553957,22,0.42805755395683454,0.08393285371702638
097230,-0.1959334565619224,-0.06852248394004279,0.00694444444444442,-0.13024353181109294,-0.12259469926176936,40.65934065934066,0.05772503012859446,0.1590341756525637,0.026436781609195402,0.01762452107279688,7,0.33333333333333326,0.13341093166496878
001450,-0.019512195121951237,-0.06944444444444442,-0.01791530944625408,-0.011475409836065542,-0.009255709513116828,48.20717131474104,0.032198391347091286,0.390625,0.015754560530679935,0.010503040353786663,26,0.008291873963515828,0.07002026902524443
017960,-0.16987179487179482,-0.0431034482758621,0.27586206896551735,-0.12029436739315025,0.01316990481157898,29.927007299270073,0.05518097672993893,0.17217406147574593,0.023809523809523808,0.01587301587301581,7,0.27541827541827546,0.12015270243118296
322000,0.11906677393403053,0.3882235528942115,1.4928315412186381,0.15268282577170078,0.638945073935157,67.03296703296704,0.10375320603956346,0.7869295839302085,0.01509705248023005,0.010064701653486701,0,0.6606757728253054,1.00647016534867
082920,0.09035222052067371,0.6992840095465394,0.9389978213507626,0.27632876221206426,0.5521112637063197,74.10714285714286,0.06905680952662328,0.8231405862223595,0.0175561797752809,0.011704119850187197,1,0.601123595505618,0.6999063670411945
008930,0.01089918256130784,-0.08281829419035847,0.00952380952380949,-0.01257568700512346,-0.07106789634019117,45.92274678111588,0.03695419404883803,0.384583959941151,0.005390835579514825,0.0035938903863432818,24,0.016172506738544534,0.023959269242288545
000155,-0.1029561671763507,-0.20433996383363473,-0.08618899273104885,-0.11628841132757584,-0.12561066490022355,33.677685950413235,0.047589302644887976,-0.14755302074900434,0.015909090909090907,0.01060606060606065,21,0.46590909090909083,0.07070707070707101
008770,0.02088167053364276,-0.027624309392265234,-0.020044543429844075,0.020822458094078122,-0.036443600927058006,52.093023255813954,0.044409728721262844,0.6464278192057059,0.011931818181818182,0.007954545454545454,29,0.48863636363636354,0.053030303030303025
383220,-0.004870129870129913,-0.11287988422575979,-0.12428571428571433,-0.01770691451005524,-0.08033905933538366,41.58415841584158,0.031243806782505205,0.31861138464547056,0.015497553017944535,0.010331702011963062,25,0.09135399673735733,0.06887801341308708
030530,-0.20516717325227962,-0.18153364632237867,-0.45235602094240834,-0.16313305064405148,-0.2918716432730063,33.597883597883595,0.062077907646057605,-0.055425049415526506,0.033460803059273424,0.02230720203951557,23,0.254302103250478,0.14871468026343715
218410,-0.01832460732984298,0.17554858934169282,1.2796352583586628,-0.027804783200466643,0.3495276653171391,36.63003663003663,0.09769165673793569,0.43297948289529126,0.05533333333333333,0.03688888888888895,14,0.2573333333333334,0.24592592592592635
068760,-0.07118644067796609,-0.18814814814814818,-0.07744107744107742,-0.08833804691399105,-0.1608605772911722,31.351351351351354,0.03352608776709268,-0.04029805938282874,0.01916058394160584,0.012773722627737226,24,0.02372262773722622,0.08515815085158152
009420,0.03364485981308407,-0.07525083612040129,0.25681818181818183,-0.013292889642251726,0.03466018055100806,47.13896457765667,0.06181461155516203,0.4462046960346344,0.0216998191681736,0.014466546112115732,3,-0.1428571428571429,0.2218203737191079
077970,-0.09587020648967548,-0.039184952978056464,-0.12177650429799425,-0.06597592564376042,-0.10552299423624123,39.87730061349693,0.05453157769188495,0.27490093512053737,0.022838499184339316,0.015225666122892917,26,1.0097879282218596,0.10150444081928611
069960,-0.06933019976498234,-0.2273170731707317,-0.11409395973154357,-0.08301493574157692,-0.15500471220015288,35.73407202216066,0.03659258136778476,-0.03276284779216208,0.007575757575757576,0.005050505050505051,23,0.375,0.033670033670033676
078600,0.0677392040643523,0.3588362068965518,0.904833836858006,0.08496450849645076,0.4099888184867686,69.14285714285714,0.08219646114587682,0.6934793610103348,0.02260111022997621,0.01506740681998414,3,0.25693893735130846,0.23103357123975682
476830,-0.05227817745803354,0.33423362592842665,0.219753086419753,0.02897909235295648,0.20221460585288686,60.9375,0.08738865295430716,0.5467514214619364,0.09412955465587045,0.06275303643724696,1,-0.10981781376518218,3.7526315789473683
323280,-0.1663920922570017,-0.32443257676902537,0.07659574468085117,-0.24679964275081867,-0.1781378162179721,9.538461538461533,0.07192270663707208,0.01735510548597141,0.025691699604743084,0.01712779973649534,21,0.5711462450592886,0.1141853315766356
192820,0.015503875968992276,0.10954263128176178,0.18587809293904645,0.08488612836438914,0.05500523475879837,64.63963963963964,0.04005939618693355,0.7889544354181718,0.001272264631043257,0.0008481764206954553,29,0.07124681933842236,0.005654509471303036
000240,-0.09943714821763605,-0.16376306620209058,-0.053254437869822535,-0.07273254129237905,-0.11748483177054603,42.857142857142854,0.034556528806933044,0.03653244666895425,-0.003125,-0.0020833333333333333,26,0.039583333333333304,-0.01388888888888889
010170,-0.12242424242424244,0.5842450765864333,2.271577044735653,0.03053163475909182,0.5823637833939226,50.70671378091873,0.12660174525271517,0.5331722962691411,0.08080110497237569,0.05386740331491713,3,1.0925414364640882,0.8259668508287293
030000,-0.07912621359223304,-0.11147540983606552,-0.10094786729857819,-0.06685031236165084,-0.09453235006324434,32.7313769751693,0.018819354093489202,-0.09973240078527432,0.010542962572482868,0.007028641714988514,25,0.05693199789140757,0.046857611433256764
000120,-0.05224564619615035,-0.19092331768388104,0.10944206008583701,-0.07389162561576357,-0.07092368515634351,34.04255319148936,0.03862898506244956,0.014169411806925724,0.0033849129593810446,0.002256608639587316,29,-0.022243713733075432,0.015044057597248774
004370,-0.018716577540106916,-0.12410501193317425,-0.15437788018433185,-0.0285222685460923,-0.10054530972366893,37.5,0.02275358361834181,0.2376907081826821,0.0006811989100817438,0.00045413260672121547,25,0.028610354223433276,0.00302755071147477
282330,0.13714285714285723,0.16569037656903762,0.315391879131256,0.14021445526725063,0.15667252522177155,76.21483375959079,0.027027640435516618,1.1011725839575657,0.003230437903804738,0.0021536252692031586,28,-0.05240488155061018,0.014357501794687725
011210,-0.062043795620437936,-0.21004098360655743,0.032128514056224855,-0.079183088498746,-0.09731301344468946,35.215946843853814,0.054514921188478366,0.0705727971901538,0.010376134889753566,0.0069174232598356485,21,0.07263294422827493,0.04611615506557099
298020,-0.03316326530612246,-0.023195876288659822,0.6995515695067265,0.0505890505890505,0.09524382901866346,55.10752688172043,0.053431121041930096,0.6591545700314239,0.0013192612137203166,0.0008795074758134932,21,0.366754617414248,0.005863383172089955
005440,-0.043145441892832315,-0.08940397350993379,0.6606280193236715,-0.05608567309672552,0.15062761506276146,46.10894941634241,0.03302129719856481,0.14228385532748294,0.01090909090909091,0.007272727272727273,24,0.043636363636363695,0.048484848484848485
007810,0.07361963190184051,0.320754716981132,0.6036655211912945,0.1493309252113948,0.19635964849814136,64.94661921708185,0.0865567110082267,0.6958976663446294,0.011428571428571429,0.00761904761904755,2,0.3242857142857143,0.19809523809523627
003690,-0.07622641509433958,-0.08996282527881039,0.06993006993007,-0.06418441071906422,-0.01833930385499649,31.564245810055866,0.0326671142756735,-0.051009269689961514,0.024918300653594773,0.016612200435729897,24,0.008986928104575131,0.11074800290486599
361610,-0.01620370370370372,-0.14141414141414144,-0.1826923076923077,-0.03376150960554736,-0.1307015749642053,41.23222748815166,0.04397398348059144,0.2660501807045014,0.01764705882352941,0.011764705882352941,23,0.24235294117647066,0.0784313725490196
081660,-0.029585798816568087,-0.16241062308478038,-0.05092592592592593,-0.09651828999559275,-0.1197151598647368,21.034482758620697,0.0309213911153941,0.18745290048436047,-0.00975609756097561,-0.0065040650406503475,25,-0.009756097560975618,-0.043360433604335655
085620,0.033974358974359076,0.3221311475409836,0.7494577006507592,0.021532615579480607,0.35090241621417917,51.839896707553265,0.11294149416899432,0.5417601462330659,0.013019218846869188,0.008679479231246125,9,-0.012399256044637319,0.05786319487497417
101490,-0.13257142857142856,-0.2044025157232704,0.5730569948186528,-0.11600279524807822,-0.04444164673297246,37.68115942028985,0.058228414359735775,-0.05820174221721664,0.025032938076416336,0.016688625384277622,21,0.3267457180500659,0.11125750256185082
002790,-0.003603603603603567,-0.029824561403508754,0.03171641791044766,0.013841782014850201,-0.03876238484269079,53.684210526315795,0.031015067018964664,0.6015580171498467,0.0162748643761302,0.0108499095840868,27,0.00723327305605781,0.07233273056057866
089030,-0.150093808630394,-0.11695906432748537,-0.00983606557377048,-0.23076923076923073,-0.10083366415244144,14.440433212996382,0.08249634716274748,0.029602699732540302,0.037527593818984545,0.025018395879323085,17,0.26490066225165565,0.1667893058621539
347700,0.0046511627906977715,0.005820721769499437,2.1578947368421053,-0.0899994733793249,0.24647745087667006,37.41830065359477,0.08576592859174338,0.25837555732774686,0.03993055555555555,0.02662037037037037,13,-0.02314814814814814,0.17746913580246915
161890,-0.02813299232736577,0.04395604395604402,0.22383252818035437,0.04560775951021534,0.09132682366456057,63.306451612903224,0.03890167084572882,0.6811011823094034,0.004605263157894736,0.0030701754385964275,2,0.16710526315789465,0.0798245614035071
001120,-0.02056277056277056,0.04745370370370372,0.4162754303599374,0.027825099375354823,0.11425757202659437,61.0079575596817,0.0335640839802741,0.6050079407503263,0.018232044198895028,0.012154696132596685,24,0.1801104972375691,0.08103130755064457
395400,-0.018927444794952675,0.05782312925170063,0.09122807017543866,0.028099173553719048,0.07411138293279618,65.18987341772151,0.021441828659955073,0.6375836505314008,0.0008038585209003215,0.0005359056806001657,4,0.08681672025723475,0.006046633905639605
417200,-0.16095238095238096,0.10262828535669577,0.369075369075369,-0.10687583952150437,0.07088592208423639,49.91634132738427,0.08080868481019106,0.33123738429862454,0.034903518728717366,0.023269012485811577,7,0.7054483541430192,0.1761375881837383
023590,-0.0944386149003148,-0.15886939571150094,0.09796437659033086,-0.10370254972217896,-0.08996643174748242,35.175879396984925,0.04982829538983636,-0.09929589453154947,0.019119351100811123,0.012746234067207415,25,0.0753186558516803,0.08497489378138277
060370,-0.03642384105960261,-0.0658105939004815,-0.04746317512274956,-0.007503410641200525,-0.021437578814628044,53.6964980544747,0.04724988713173685,0.47139505904831364,0.006872852233676976,0.0045819014891179425,24,0.31099656357388317,0.03054600992745295
039200,-0.03435114503816794,-0.09156193895870735,0.11699779249448117,-0.04248273251963286,0.006114231744295928,54.36893203883495,0.056911215738673325,0.3418012834026759,0.015810276679841896,0.010540184453227979,11,0.027667984189723382,0.0702678963548532
003570,0.018987341772152,-0.14664310954063609,0.04885993485342022,-0.02488265280371471,-0.06428594491621198,37.666666666666664,0.033306037206036185,0.32892553413163234,0.013975155279503106,0.009316770186335404,25,0.23809523809523814,0.06211180124223603
475150,0.04826254826254828,1.1005802707930368,1.5734597156398102,0.2739750131972549,0.8587721149951222,71.02880658436214,0.10576089983633555,0.728414411928763,0.06813996316758748,0.04542664211172494,7,0.06813996316758741,0.34386243016217105
007070,0.07090464547677255,0.040380047505938155,0.08684863523573205,0.10124959143137313,0.0485241663275322,79.62962962962963,0.01793355947914699,0.9693345821261597,0.0045662100456621,0.0030441400304414556,23,0.0730593607305936,0.020294266869609705
005070,0.051987767584097844,-0.007692307692307665,0.12786885245901636,0.042003231017770704,0.03890874314189352,53.58744394618834,0.05404636199572211,0.7219550634007806,0.02422480620155039,0.01614987080103364,23,0.1414728682170543,0.10766580534022427
462870,0.07550335570469802,0.03721682847896446,-0.09845288326300983,0.04508029673106706,-0.026255158619641894,54.54545454545455,0.030574406354847573,0.8543449746675091,0.0124804992199688,0.00832033281331257,27,0.015600624024961096,0.0554688854220838
475830,-0.22242314647377937,-0.3591654247391952,-0.24693520140105074,-0.2607238029742972,-0.2760536505976766,33.62318840579711,0.07977723898633592,-0.08925812689488598,0.035465116279069765,0.023643410852713122,12,0.0255813953488373,0.1576227390180875
003540,-0.08678756476683935,-0.14855072463768115,0.28649635036496357,-0.0926640926640927,0.014412815655051814,28.455284552845526,0.039273540151234486,-0.06852218381101509,0.00425531914893617,0.0028368794326241137,26,0.07659574468085117,0.018912529550827426
131290,-0.08721934369602768,0.19841269841269837,0.7646076794657763,-0.03593578985771617,0.20410100626542627,53.93939393939393,0.060866545756294736,0.405837800368364,0.044938505203405865,0.02995900346893729,8,0.596972563859981,0.19972668979291527
038500,-0.1380314502038439,-0.12941176470588234,1.9778672032193159,-0.09518860426728615,0.22136564634037303,36.08333333333333,0.0930143397155963,0.2855812835326324,0.07398648648648648,0.04932432432432433,13,0.14391891891891895,0.32882882882882886
099320,-0.13196322336398048,-0.10535117056856191,1.5156739811912225,-0.1230466615670418,-0.020166459779003332,39.396067415730336,0.07860697123157948,0.07196110986807457,0.038317757009345796,0.02554517133956386,13,0.03426791277258556,0.1703011422637591
027360,0.23780487804878048,0.5645472061657033,1.7951807228915664,0.1883071744777376,0.6234047515910834,64.35786435786436,0.11295544060800149,0.7217360441793228,0.06588669950738917,0.04392446633825937,2,0.8472906403940887,1.1420361247947435
458870,-0.08974358974358976,0.15519605792250646,0.17524651800704683,-0.05000563879952824,0.0035038504664846037,50.505251135884,0.06574670569404091,0.41330453448596494,-0.004024144869215292,-0.0026827632461435768,8,-0.04124748490945673,-0.017885088307623847
080220,-0.17119244391971666,-0.20227272727272727,0.5704697986577181,-0.16443492233529722,-0.1014975041597338,32.04301075268816,0.07006344071944812,-0.10618845671664556,0.029914529914529916,0.019943019943019943,21,0.49287749287749283,0.13295346628679963
232140,-0.16782178217821786,-0.15949999999999998,0.15215901302261825,-0.16040256724021673,-0.10085314647909926,32.78837420526794,0.06342893928483759,-0.10145440706550521,0.027364663890541343,0.01824310926036097,27,0.29982153480071383,0.12162072840240647
004000,-0.030753968253968256,-0.010131712259371817,0.08435072142064381,-0.025922233300099684,0.01970880372953876,40.13377926421405,0.03499667188790203,0.39865085043415843,0.0020470829068577278,0.0013647219379051023,9,0.420675537359263,0.009098146252700683
491000,-0.12765957446808507,-0.20097442143727162,0.4183783783783783,-0.18097259504338603,-0.1136332927982705,22.25,0.07317189517360503,-0.007308843805610113,0.042682926829268296,0.028455284552845603,17,0.08536585365853666,0.1897018970189707
445680,-0.07227813357731017,-0.07397260273972606,-0.08152173913043481,-0.05383969394420085,-0.10000000000000009,54.953271028037385,0.10564681091832738,0.3982296686114292,0.11143984220907298,0.07429322813938194,9,0.006903353057199135,0.4952881875958796
069620,0.03492884864165591,-0.10414333706606937,-0.08623643632210165,-0.01304629429725812,-0.04692882742462301,42.476190476190474,0.03228841763097572,0.3932434858106118,0.011875,0.007916666666666607,24,-0.073125,0.05277777777777738
006040,-0.04292929292929293,-0.08674698795180724,-0.09869203329369802,-0.026645264847512062,-0.07740993184031164,45.9349593495935,0.03109508150129074,0.25639378398653445,0.010554089709762533,0.0070360598065082915,25,0.01715039577836408,0.04690706537672194
437730,-0.12790697674418605,-0.15887850467289721,-0.2411467116357504,-0.119847440222972,-0.21893080305484847,38.24561403508771,0.07125850289898372,0.08657721610554762,0.030555555555555555,0.020370370370370317,21,0.18888888888888888,0.13580246913580213
012630,0.04519774011299438,0.08610567514677103,0.5802961275626424,0.07277471730936513,0.28078893521438797,59.6078431372549,0.04715801405281328,0.7229179406766855,0.016216216216216217,0.010810810810810811,3,0.012612612612612706,0.16576576576576577
073240,-0.04800000000000004,-0.1158989598811293,0.011904761904761862,-0.0037672666387610354,-0.03916027452563586,51.03448275862069,0.04030627029054039,0.472853482036756,0.0,0.0,24,-0.021848739495798353,0.0
032350,-0.13032581453634084,-0.20956719817767655,-0.22888888888888892,-0.11332566756100682,-0.21338975366480284,41.20040691759918,0.04056098971271598,-0.0036818652636932472,0.02276657060518732,0.015177713736791477,29,0.19308357348703176,0.10118475824527652
095610,-0.12063492063492065,-0.21194879089615937,0.25056433408577883,-0.1488707942848364,-0.11198974139773454,34.95934959349594,0.07095411085001971,0.01526420798197976,0.010830324909747292,0.007220216606498195,17,0.516245487364621,0.048134777376654635
001800,-0.06313645621181263,-0.025423728813559365,0.11650485436893199,-0.04584111180253059,0.019511077948271005,36.88524590163935,0.02635587077438845,0.19662710572038256,0.010869565217391304,0.007246376811594256,3,0.12391304347826093,0.11111111111111192
003530,-0.0941011235955056,-0.14342629482071712,0.35789473684210527,-0.10658632869312279,-0.013082396144135866,38.131313131313135,0.0644871852103354,-0.006056825568966832,0.02868217054263566,0.019121447028423725,27,0.16434108527131785,0.12747631352282485
006280,-0.01107266435986154,-0.11844540407156079,-0.042866711319490935,-0.03223621833942847,-0.10297856313361164,39.60880195599022,0.03208885124617611,0.18140048433805878,0.0034989503149055285,0.00233263354327042,29,-0.04058782365290414,0.015550890288469468
065350,-0.0943708609271523,-0.16995447647951445,-0.05689655172413788,-0.10941061543471187,-0.15536454178140358,34.78260869565217,0.040974549812767436,0.07133341960836444,0.02010968921389397,0.013406459475929356,26,0.06032906764168189,0.08937639650619571
085660,-0.06216216216216219,-0.12857860371672525,0.18754277891854887,-0.0812327896632069,-0.06445466963836355,44.91017964071856,0.04954798256015337,0.0022656317983793923,0.02219020172910663,0.014793467819404488,23,-0.014985590778098024,0.09862311879602992
290650,-0.042674253200568946,-0.22106481481481477,0.08899676375404542,-0.12455284552845525,-0.12447691940764505,27.09030100334448,0.04365293504141908,0.05566009347921884,0.010401188707280832,0.00693412580485396,27,-0.06092124814264488,0.04622750536569307
030610,-0.10015649452269171,-0.1359879789631856,0.21180189673340366,-0.0841396886074941,-0.040947377199566315,37.72819472616633,0.04116528527090206,-0.06921884195464773,0.017391304347826087,0.011594202898550777,26,0.18521739130434778,0.07729468599033852
100090,0.0718562874251496,0.47527472527472536,0.3226600985221675,0.24001293123354728,0.34337319257517396,71.1972522080471,0.08804840074229922,0.7971497918939818,0.03165735567970205,0.021104903786468076,3,-0.08566108007448792,0.32360852472584384
294870,-0.06407322654462244,-0.09911894273127753,-0.012077294685990392,-0.05367885238315595,-0.0536423585669662,44.69026548672566,0.044179034872426345,0.16824200143758516,0.022004889975550123,0.014669926650366748,22,0.12224938875305624,0.097799511002445
281740,0.012980269989615767,-0.09044289044289044,0.2998001332445037,-0.02978765726789001,-0.047053077173559,41.224489795918366,0.0539543664797691,0.35172838920324623,0.014095335725269094,0.009396890483512667,27,0.17888262429523327,0.06264593655675112
090710,-0.2547033285094067,-0.20769230769230773,0.2907268170426065,-0.19875534811357454,-0.21729548995022607,36.33295838020248,0.08544479682823093,-0.031931141084607276,0.08932038834951456,0.0595469255663431,23,0.22524271844660193,0.3969795037756207
000210,0.06151142355008776,0.25051759834368537,0.6085219707057257,0.1783066718689037,0.34070771905810093,70.48969072164948,0.07595838473134611,0.7576476783425615,0.016556291390728478,0.011037527593818944,7,0.1837748344370862,0.08354989241903454
034230,-0.10106085985482971,-0.13440860215053763,-0.0158924205378973,-0.059414617047379825,-0.09942665361487901,44.9531737773153,0.04836718606336119,0.18184744971745853,0.010559006211180125,0.0070393374741201204,29,-0.01552795031055898,0.04692891649413414
007310,-0.02309782608695654,-0.07464607464607464,-0.0662337662337662,-0.01715535506800625,-0.057152223800677526,41.732283464566926,0.01764511983761216,0.21913389133082203,-0.0034770514603616135,-0.002318034306907688,25,0.016689847009735637,-0.015453562046051255
020560,-0.005714285714285672,-0.05177111716621252,-0.11675126903553301,-0.0042206166392445565,-0.06887556021315966,49.43820224719101,0.022231492319523365,0.4351717980779019,-0.0021551724137931034,-0.0014367816091954023,23,0.011494252873563315,-0.009578544061302683
490470,-0.25619834710743805,-0.092741935483871,-0.1862567811934901,-0.14326511185149926,-0.16346511339695136,43.69158878504673,0.08228413690758131,0.2232033821625291,0.03,0.02,4,0.8866666666666667,0.22566037735849057
051915,-0.0638569604086845,-0.16084716657126508,-0.1221556886227545,-0.04320584780054826,-0.09214763438196683,41.10787172011662,0.04427173051340446,0.16190454862735518,0.02592087312414734,0.01728058208276496,21,0.27353342428376526,0.1152038805517664
052020,0.07554417413572345,1.0338983050847457,1.1401273885350318,0.126571668063705,0.5989086813762037,60.1311084624553,0.11387913344722819,0.6413325020592571,0.06458333333333334,0.043055555555555486,2,0.25595238095238093,1.1194444444444425
189300,-0.13427010148321628,-0.049700085689802886,0.9054982817869415,-0.12380500908588132,0.05965538108736501,26.97160883280756,0.06975722670869647,0.12393915755558853,0.030658250676284943,0.020438833784190005,12,0.19657348963029753,0.13625889189460003
093370,-0.018181818181818188,-0.05898123324396787,-0.08949416342412453,-0.004396539497943608,-0.08067050811943421,47.16981132075472,0.04730864696760909,0.47019903558412207,0.03347578347578348,0.022317188983855693,27,0.8860398860398861,0.1487812598923713
456160,-0.09241379310344833,-0.34199999999999997,-0.05187319884726227,-0.26819774231218374,-0.22878574777308958,26.24113475177306,0.08239190198863017,0.0806660258810605,0.03419452887537994,0.022796352583586626,12,0.30091185410334353,0.1519756838905775
127120,0.003968253968253954,0.016064257028112428,0.9431643625192012,-0.002037998816645903,0.2799901063566659,52.84974093264249,0.058780864913358266,0.49107283908933436,0.007905138339920948,0.005270092226613966,12,0.07509881422924902,0.03513394817742644
115180,-0.10661764705882348,0.16082802547770703,0.19508196721311477,-0.14265553334117376,0.029442914636729434,17.571059431524546,0.10650482200196751,0.24804575629696696,0.01646090534979424,0.010973936899862825,15,0.023319615912208436,0.07315957933241883
397030,-0.08094435075885331,-0.20204978038067345,-0.010889292196007205,-0.1251304278031945,-0.09107333954108932,40.93137254901961,0.061707816204835994,-0.034049705991937504,0.029357798165137616,0.019571865443425034,25,0.08807339449541285,0.1304791029561669
036540,-0.1217008797653959,-0.150354609929078,0.3193832599118942,-0.1279027444128995,-0.08480920792961633,31.41891891891892,0.05925034498325393,-0.054036993318452665,0.02337228714524207,0.015581524763494663,22,0.38564273789649417,0.1038768317566311
195870,-0.15000000000000002,-0.21953255425709517,-0.15461121157323687,-0.1357397051347229,-0.17387014593488148,39.89431968295905,0.0702016509598491,-0.04542902275427329,0.016577540106951873,0.011051693404634529,24,0.7155080213903744,0.07367795603089686
160190,-0.09326424870466321,-0.4426751592356688,-0.44620253164556967,-0.2890513914279911,-0.42293424198290785,14.670658682634738,0.0812930051089718,0.10841294779212968,0.010714285714285714,0.007142857142857143,23,0.24571428571428577,0.047619047619047616
388210,-0.12912280701754386,-0.11483594864479318,0.2560728744939271,-0.11287440131531923,-0.036029154745413794,41.155234657039706,0.0642708335856868,0.019858309034327563,0.033037872683319904,0.022025248455546563,24,0.1337630942788075,0.14683498970364375
181710,0.021739130434782705,0.02452316076294281,0.3146853146853146,-0.006473774606949423,0.07530981887511934,52.92397660818713,0.046336295105513244,0.4694861131586645,0.052526595744680854,0.03501773049645383,27,0.09042553191489366,0.23345153664302556
456040,-0.02792140641158225,0.14077669902912615,0.5798319327731092,0.05416619939441514,0.19885216282282925,65.05681818181819,0.04404674933022398,0.6635090242258185,0.0425531914893617,0.028368794326241186,1,0.5957446808510638,1.696453900709223
082640,-0.035674470457079166,0.19475138121546953,0.3165905631659056,0.02921054197156292,0.1593361181227242,56.87022900763359,0.03635387684028138,0.6021834528301132,0.021965317919075144,0.01464354527938336,7,-0.03930635838150287,0.11084607692495252
003240,-0.08128704487722271,-0.15760869565217395,0.4183006535947713,-0.06738868832731648,0.08215033744472877,42.33687405159332,0.05519211150782108,0.12450235980920842,0.02119815668202765,0.014132104454685029,22,0.09677419354838701,0.0942140296979002
420770,0.03857142857142848,-0.004109589041095929,1.3489499192245558,-0.007237470981838023,0.23303934871099052,43.79947229551452,0.06933002112563409,0.4696662924691258,-0.008940852819807428,-0.005960568546538219,7,0.4291609353507566,-0.04511924039025133
003090,-0.012711864406779627,-0.10038610038610041,0.04250559284116329,-0.0170850031638895,-0.02547837300895761,42.134831460674164,0.0383992870308748,0.37143692483328866,0.015021459227467811,0.010014306151645155,25,-0.03218884120171672,0.06676204101096771
089970,-0.17465388711395102,0.007802340702210753,0.3692579505300353,-0.08559966963600962,0.11658062192340024,47.803163444639715,0.0747910728442409,0.27437972716794756,0.02193548387096774,0.014623655913978432,8,0.37806451612903236,0.09749103942652289
001740,-0.05747126436781613,-0.11985688729874777,0.09576837416481077,-0.06667931328843779,-0.02776405493528311,40.758293838862556,0.03538752688716827,-0.0278117239043272,0.014227642276422764,0.009485094850948571,23,0.19308943089430897,0.06323396567299049
192080,0.001007049345417954,-0.042389210019267876,-0.07620817843866168,-0.0032589621459012674,-0.04824218438312877,50.0,0.017720892242443005,0.4535514678777169,0.0005030181086519115,0.0003353454057678922,25,0.22937625754527158,0.002235636038452615
048410,-0.07187718073970695,-0.18554807103490512,1.6232741617357003,-0.10510025568564119,0.1861937747123703,39.69010727056019,0.0833104456547081,0.18383973226576777,0.03045112781954887,0.02030075187969925,24,0.007518796992481258,0.13533834586466167
300720,-0.05473808122424961,-0.08280982295830952,-0.12240437158469941,-0.035000751089079185,-0.06381159645577494,40.960451977401135,0.021049618285315864,0.07623694932379299,0.016500622665006227,0.011000415110004113,26,0.08655043586550426,0.07333610073336076
330590,0.0,0.0010822510822510178,0.17684478371501267,-0.004627138706553291,0.039832128002398326,47.20496894409938,0.025585247317615592,0.4583909341385617,-0.004324324324324324,-0.0028828828828828174,21,-0.040000000000000036,-0.019219219219218785
